{

  "required": [
    "accounts",
    "currentExpectedMarketValue",
    "currentMarketValue",
    "id",
    "name",
    "planDetails",
    "status",
    "totalInterest",
    "totalPrincipal",
    "type"
  ],
  "type": "object",
  "properties": {
    "id": {
      "type": "string"
    },
    "name": {
      "type": "string"
    },
    "type": {
      "allOf": [
        {
          "$id": "goal-type.json"
        }
      ]
    },
    "status": {
      "allOf": [
        {
          "$id": "goal-status.json"
        }
      ]
    },
    "planDetails": {
      "allOf": [
        {
          "$id": "goal-plan-details.json"
        }
      ]
    },
    "currentMarketValue": {
      "type": "number",
      "format": "double"
    },
    "currentExpectedMarketValue": {
      "type": "number",
      "format": "double"
    },
    "totalPrincipal": {
      "type": "number",
      "format": "double"
    },
    "totalInterest": {
      "type": "number",
      "format": "double"
    },
    "accounts": {
      "type": "array",
      "items": {
        "$id": "goal-account.json"
      }
    }
  },
  "additionalProperties": false,

  "definitions": {
    "schemas": {
    }
  }
}