{
  "required": [
    "eligibleForGoalTypes",
    "id",
    "marketValue",
    "title"
  ],
  "type": "object",
  "properties": {
    "id": {
      "type": "string"
    },
    "title": {
      "type": "string"
    },
    "bankAccountNumber": {
      "type": "string",
      "nullable": true
    },
    "marketValue": {
      "type": "number",
      "format": "double"
    },
    "eligibleForGoalTypes": {
      "type": "array",
      "items": {
        "$id": "goal-type.json"
      }
    }
  },
  "additionalProperties": false
}