{
  "required": [
    "periodicContribution",
    "periodicity",
    "startDate",
    "startMarketValue",
    "targetDate",
    "targetMarketValue"
  ],
  "type": "object",
  "properties": {
    "startDate": {
      "type": "string",
      "format": "date"
    },
    "startMarketValue": {
      "type": "number",
      "format": "double"
    },
    "targetDate": {
      "type": "string",
      "format": "date"
    },
    "targetMarketValue": {
      "type": "number",
      "format": "double"
    },
    "periodicContribution": {
      "type": "number",
      "format": "double"
    },
    "periodicity": {
      "allOf": [
        {
          "$ref": "#/definitions/schemas/GoalContributionPeriod"
        }
      ]
    }
  },
  "additionalProperties": false,

  "definitions": {
    "schemas": {
      "GoalContributionPeriod": {
        "enum": [
          "Daily",
          "Monthly",
          "Quarterly",
          "Yearly"
        ],
        "type": "string"
      }
    }
  }
}