{
  "type": "object",
  "properties": {
    "data": {
      "type": "array",
      "items": {
        "$id": "single-account.json"
      },
      "nullable": true
    },
    "error": {
      "type": "object",
      "allOf": [
        {
          "$id": "error.json"
        }
      ],
      "nullable": true
    },
    "lastUpdate": {
      "type": "object",
      "allOf": [
        {
          "$id": "last-update.json"
        }
      ],
      "nullable": true
    }
  },
  "additionalProperties": false,
  "definitions": {
    "schemas": {
    }
  }
}