{
  "type": "object",
  "properties": {
    "data": {
      "type": "object",
      "allOf": [
        {
          "$ref": "#/definitions/schemas/ClientBenefitsDTO"
        }
      ],
      "nullable": true
    },
    "error": {
      "type": "object",
      "allOf": [
        {
          "$id": "error.json"
        }
      ],
      "nullable": true
    }
  },
  "additionalProperties": false,
  "definitions": {
    "schemas": {
      "ClientBenefitsDTO": {
        "required": [
          "asOfDate",
          "benefitStatusAccommodation",
          "benefitStatusEffectiveDate",
          "grossContributionsMTD",
          "grossContributionsQTD",
          "grossContributionsYTD",
          "level",
          "qualifyingAssets",
          "serviceTier"
        ],
        "type": "object",
        "properties": {
          "qualifyingAssets": {
            "type": "number",
            "format": "double"
          },
          "level": {
            "type": "string"
          },
          "grossContributionsMTD": {
            "type": "number",
            "format": "double"
          },
          "grossContributionsQTD": {
            "type": "number",
            "format": "double"
          },
          "grossContributionsYTD": {
            "type": "number",
            "format": "double"
          },
          "asOfDate": {
            "type": "string"
          },
          "benefitStatusEffectiveDate": {
            "type": "string"
          },
          "benefitStatusAccommodation": {
            "type": "string"
          },
          "serviceTier": {
            "type": "string"
          }
        },
        "additionalProperties": false
      }
    }
  }
}