{
  "required": [
    "aum",
    "comparePercentage",
    "compareValue",
    "history",
    "numberOfAccounts",
    "numberOfClients",
    "period"
  ],
  "type": "object",
  "properties": {
    "aum": {
      "type": "number",
      "format": "double"
    },
    "compareValue": {
      "type": "number",
      "format": "double"
    },
    "comparePercentage": {
      "type": "number",
      "format": "double"
    },
    "numberOfAccounts": {
      "type": "integer",
      "format": "int64"
    },
    "numberOfClients": {
      "type": "integer",
      "format": "int64"
    },
    "lastUpdate": {
      "type": "object",
      "allOf": [
        {
          "$id": "last-update.json"
        }
      ],
      "nullable": true
    },
    "period": {
      "allOf": [
        {
          "$ref": "#/definitions/schemas/AumHistoryPeriod"
        }
      ]
    },
    "history": {
      "type": "array",
      "items": {
        "$ref": "#/definitions/schemas/AumHistoryItemHistoryPeriodItem"
      }
    }
  },
  "additionalProperties": false,
  "definitions": {
    "schemas": {
      "AumHistoryPeriod": {
        "enum": [
          "mtd",
          "qtd",
          "ytd"
        ],
        "type": "string"
      },
      "AumHistoryItemHistoryPeriodItem": {
        "required": [
          "startDate"
        ],
        "type": "object",
        "properties": {
          "key": {
            "type": "string",
            "deprecated": true
          },
          "startDate": {
            "type": "string",
            "format": "date"
          },
          "data": {
            "type": "object",
            "allOf": [
              {
                "$ref": "#/definitions/schemas/AumHistoryItem"
              }
            ],
            "nullable": true
          }
        },
        "additionalProperties": false
      },
      "AumHistoryItem": {
        "required": [
          "marketValue"
        ],
        "type": "object",
        "properties": {
          "marketValue": {
            "type": "number",
            "format": "double"
          }
        },
        "additionalProperties": false
      }
    }
  }
}