{
  "type": "object",
  "properties": {
    "data": {
      "type": "array",
      "items": {
        "$ref": "#/definitions/schemas/ClientDTO"
      },
      "nullable": true
    },
    "error": {
      "type": "object",
      "allOf": [
        {
          "$id": "error.json"
        }
      ],
      "nullable": true
    },
    "lastUpdate": {
      "type": "object",
      "allOf": [
        {
          "$id": "last-update.json"
        }
      ],
      "nullable": true
    }
  },
  "additionalProperties": false,
  "definitions": {
    "schemas": {
      "ClientDTO": {
        "required": [
          "flagged",
          "id",
          "marketValue"
        ],
        "type": "object",
        "properties": {
          "clientName": {
            "type": "string",
            "nullable": true
          },
          "marketValue": {
            "type": "number",
            "format": "double"
          },
          "netInvestments": {
            "type": "number",
            "format": "double",
            "nullable": true
          },
          "ytdPerformance": {
            "type": "number",
            "format": "double",
            "nullable": true
          },
          "inceptionDate": {
            "type": "string",
            "nullable": true
          },
          "advisorIdentifier": {
            "type": "string",
            "nullable": true
          },
          "webAccess": {
            "type": "string",
            "nullable": true
          },
          "id": {
            "type": "string"
          },
          "flagged": {
            "type": "boolean"
          },
          "clientAplId": {
            "type": "string",
            "nullable": true
          },
          "sourceSystem": {
            "type": "string",
            "nullable": true
          },
          "clientWebId": {
            "type": "string",
            "nullable": true
          },
          "accounts": {
            "type": "array",
            "items": {
              "$id": "single-account.json"
            },
            "nullable": true
          }
        },
        "additionalProperties": false
      }
    }
  }
}