{
  "required": [
    "OpenDate",
    "Custodian",
    "ExternalID",
    "AccountType"
  ],
  "type": "object",
  "properties": {
    "OpenDate": {
      "type": "string",
      "nullable": true
    },
    "Custodian": {
      "type": "string",
      "nullable": true
    },
    "ExternalID": {
      "type": "string",
      "nullable": true
    },
    "FundedDate": {
      "type": "string",
      "nullable": true
    },
    "AccountType": {
      "type": "string",
      "nullable": true
    },
    "TerminationDate": {
      "type": "string",
      "nullable": true
    }
},
  "additionalProperties": false
}