{
  "required": [
    "history",
    "period",
    "totalsByName"
  ],
  "type": "object",
  "properties": {
    "period": {
      "allOf": [
        {
          "$ref": "#/definitions/schemas/RevenueHistoryPeriod"
        }
      ]
    },
    "trendValue": {
      "type": "object",
      "allOf": [
        {
          "$ref": "#/definitions/schemas/RevenueTrendDto"
        }
      ],
      "nullable": true
    },
    "totalsByName": {
      "type": "array",
      "items": {
        "$ref": "#/definitions/schemas/RevenueTotalsDto"
      }
    },
    "history": {
      "type": "array",
      "items": {
        "$ref": "#/definitions/schemas/RevenueHistoryItemHistoryPeriodItem"
      }
    },
    "lastUpdate": {
      "type": "object",
      "allOf": [
        {
          "$id": "last-update.json"
        }
      ],
      "nullable": true
    }
  },
  "additionalProperties": false,
  "definitions": {
    "schemas": {
      "RevenueHistoryPeriod": {
        "enum": [
          "qtd"
        ],
        "type": "string"
      },
      "RevenueTrendDto": {
        "required": [
          "comparePercentage",
          "compareValue",
          "revenue",
          "startOfPeriod"
        ],
        "type": "object",
        "properties": {
          "startOfPeriod": {
            "type": "string",
            "format": "date"
          },
          "revenue": {
            "type": "number",
            "format": "double"
          },
          "compareValue": {
            "type": "number",
            "format": "double"
          },
          "comparePercentage": {
            "type": "number",
            "format": "double"
          }
        },
        "additionalProperties": false
      },
      "RevenueTotalsDto": {
        "required": [
          "name",
          "revenue"
        ],
        "type": "object",
        "properties": {
          "name": {
            "type": "string"
          },
          "revenue": {
            "type": "number",
            "format": "double"
          }
        },
        "additionalProperties": false
      },
      "RevenueHistoryItemHistoryPeriodItem": {
        "required": [
          "startDate"
        ],
        "type": "object",
        "properties": {
          "key": {
            "type": "string",
            "deprecated": true
          },
          "startDate": {
            "type": "string",
            "format": "date"
          },
          "data": {
            "type": "object",
            "allOf": [
              {
                "$ref": "#/definitions/schemas/RevenueHistoryItem"
              }
            ],
            "nullable": true
          }
        },
        "additionalProperties": false
      },
      "RevenueHistoryItem": {
        "required": [
          "details",
          "numberOfAccounts",
          "numberOfClients",
          "revenueTotal"
        ],
        "type": "object",
        "properties": {
          "revenueTotal": {
            "type": "number",
            "format": "double"
          },
          "numberOfAccounts": {
            "type": "integer",
            "format": "int64"
          },
          "numberOfClients": {
            "type": "integer",
            "format": "int64"
          },
          "details": {
            "type": "array",
            "items": {
              "$ref": "#/definitions/schemas/RevenueHistoryDetails"
            }
          }
        },
        "additionalProperties": false
      },
      "RevenueHistoryDetails": {
        "required": [
          "byBilledDate",
          "name",
          "numberOfAccounts",
          "numberOfClients",
          "revenue"
        ],
        "type": "object",
        "properties": {
          "name": {
            "type": "string"
          },
          "revenue": {
            "type": "number",
            "format": "double"
          },
          "numberOfAccounts": {
            "type": "integer",
            "format": "int64"
          },
          "numberOfClients": {
            "type": "integer",
            "format": "int64"
          },
          "byBilledDate": {
            "type": "array",
            "items": {
              "$ref": "#/definitions/schemas/FeesByDateDto"
            }
          }
        },
        "additionalProperties": false
      },
      "FeesByDateDto": {
        "required": [
          "advisorId",
          "billedDate",
          "feeBillingType",
          "fees",
          "numberOfAccounts",
          "numberOfClients"
        ],
        "type": "object",
        "properties": {
          "billedDate": {
            "type": "string",
            "format": "date"
          },
          "feeBillingType": {
            "allOf": [
              {
                "$ref": "#/definitions/schemas/FeeBillingType"
              }
            ]
          },
          "advisorId": {
            "type": "string"
          },
          "fees": {
            "type": "number",
            "format": "double"
          },
          "numberOfAccounts": {
            "type": "integer",
            "format": "int64"
          },
          "numberOfClients": {
            "type": "integer",
            "format": "int64"
          }
        },
        "additionalProperties": false
      },
      "FeeBillingType": {
        "enum": [
          "Monthly",
          "Quarterly"
        ],
        "type": "string"
      }
    }
  }
}