{
  "type": "object",
  "properties": {
    "data": {
      "type": "array",
      "items": {
        "$ref": "#/definitions/schemas/InvestmentsByApproachesGroupDTO"
      },
      "nullable": true
    },
    "error": {
      "type": "object",
      "allOf": [
        {
          "$id": "error.json"
        }
      ],
      "nullable": true
    },
    "lastUpdate": {
      "type": "object",
      "allOf": [
        {
          "$id": "last-update.json"
        }
      ],
      "nullable": true
    }
  },
  "additionalProperties": false,
  "definitions": {
    "schemas": {
      "InvestmentsByApproachesGroupDTO": {
        "required": [
          "currentAllocation",
          "items",
          "name",
          "totalAccounts",
          "totalAssets"
        ],
        "type": "object",
        "properties": {
          "items": {
            "type": "array",
            "items": {
              "$ref": "#/definitions/schemas/InvestmentStrategyDTO"
            }
          },
          "name": {
            "type": "string"
          },
          "totalAccounts": {
            "type": "integer",
            "format": "int32"
          },
          "totalAssets": {
            "type": "number",
            "format": "double"
          },
          "currentAllocation": {
            "type": "number",
            "format": "double"
          }
        },
        "additionalProperties": false
      },
      "InvestmentStrategyDTO": {
        "required": [
          "accountAllocation",
          "accountTitle",
          "accountType",
          "advisorId",
          "amountAllocated",
          "parentClientAplId",
          "strategyName",
          "accountId"
        ],
        "type": "object",
        "properties": {
          "strategyName": {
            "type": "string"
          },
          "accountTitle": {
            "type": "string"
          },
          "advisorId": {
            "type": "string"
          },
          "accountNumber": {
            "type": "string",
            "nullable": true
          },
          "documentId": {
            "type": "string",
            "nullable": true
          },
          "accountAplId": {
            "type": "string",
            "nullable": true
          },
          "amountAllocated": {
            "type": "number",
            "format": "double"
          },
          "accountAllocation": {
            "type": "number",
            "format": "double"
          },
          "parentClientWebId": {
            "type": "string",
            "nullable": true
          },
          "parentClientAplId": {
            "type": "string"
          },
          "accountType": {
            "type": "string"
          },
          "accountId": {
            "type": "string"
          },
          "accountRegistrationType": {
            "type": "string"
          }
        },
        "additionalProperties": false
      }
    }
  }
}