{
  "required": [
    "comparePercentage",
    "compareValue",
    "currentNetFlow",
    "history",
    "numberOfAccounts",
    "numberOfClients",
    "period",
    "startDate"
  ],
  "type": "object",
  "properties": {
    "currentNetFlow": {
      "type": "number",
      "format": "double"
    },
    "compareValue": {
      "type": "number",
      "format": "double"
    },
    "comparePercentage": {
      "type": "number",
      "format": "double"
    },
    "numberOfAccounts": {
      "type": "integer",
      "format": "int64"
    },
    "numberOfClients": {
      "type": "integer",
      "format": "int64"
    },
    "period": {
      "allOf": [
        {
          "$ref": "#/definitions/schemas/NetflowHistoryPeriod"
        }
      ]
    },
    "startDate": {
      "type": "string",
      "format": "date"
    },
    "history": {
      "type": "array",
      "items": {
        "$ref": "#/definitions/schemas/NetflowHistoryItemHistoryPeriodItem"
      }
    },
    "lastUpdate": {
      "type": "object",
      "allOf": [
        {
          "$id": "last-update.json"
        }
      ],
      "nullable": true
    }
  },
  "additionalProperties": false,
  "definitions": {
    "schemas": {
      "NetflowHistoryItemHistoryPeriodItem": {
        "required": [
          "startDate"
        ],
        "type": "object",
        "properties": {
          "key": {
            "type": "string",
            "deprecated": true
          },
          "startDate": {
            "type": "string",
            "format": "date"
          },
          "data": {
            "type": "object",
            "allOf": [
              {
                "$ref": "#/definitions/schemas/NetflowHistoryItem"
              }
            ],
            "nullable": true
          }
        },
        "additionalProperties": false
      },
      "NetflowHistoryItem": {
        "required": [
          "contribution",
          "netFlow",
          "outflow"
        ],
        "type": "object",
        "properties": {
          "contribution": {
            "type": "number",
            "format": "double"
          },
          "netFlow": {
            "type": "number",
            "format": "double"
          },
          "outflow": {
            "type": "number",
            "format": "double"
          }
        },
        "additionalProperties": false
      },
      "NetflowHistoryPeriod": {
        "enum": [
          "mtd",
          "qtd",
          "ytd"
        ],
        "type": "string"
      }
    }
  }
}