{
  "required": [
    "alerts",
    "id",
    "pendingAmount",
    "pendingDays",
    "sourceAccounts",
    "sourceSystem"
  ],
  "type": "object",
  "properties": {
    "id": {
      "type": "string"
    },
    "accountRegistration": {
      "type": "string",
      "nullable": true
    },
    "alert": {
      "type": "string",
      "nullable": true
    },
    "alerts": {
      "type": "array",
      "items": {
        "type": "string"
      }
    },
    "accountNumber": {
      "type": "string",
      "nullable": true
    },
    "accountStatus": {
      "type": "string",
      "nullable": true
    },
    "marketValue": {
      "type": "number",
      "format": "double",
      "nullable": true
    },
    "investmentStrategy": {
      "type": "string",
      "nullable": true
    },
    "sourceAccounts": {
      "type": "array",
      "items": {
        "$ref": "#/definitions/schemas/SourceAccount"
      }
    },
    "accountAplId": {
      "type": "string",
      "nullable": true
    },
    "pendingAmount": {
      "type": "number",
      "format": "double"
    },
    "pendingDays": {
      "type": "integer",
      "format": "int32"
    },
    "parentClientWebId": {
      "type": "string",
      "nullable": true
    },
    "advisorIdentifier": {
      "type": "string",
      "nullable": true
    },
    "sourceSystem": {
      "type": "string"
    },
    "registrationType": {
      "type": "string"
    },
    "customAttributes": {
      "type": "object",
      "allOf": [
        {
          "$id": "custom-attributes.json"
        }
      ],
      "nullable": true
    }
  },
  "additionalProperties": false,
  "definitions": {
    "schemas": {
      "SourceAccount": {
        "type": "object",
        "properties": {
          "sourceID": {
            "type": "string",
            "nullable": true
          },
          "sourceSystem": {
            "type": "string",
            "nullable": true
          },
          "sourceAccountId": {
            "type": "string",
            "nullable": true
          }
        },
        "additionalProperties": false
      }
    }
  }
}