{
  "type": "object",
  "properties": {
    "data": {
      "type": "array",
      "items": {
        "$ref": "#/definitions/schemas/WorkItemCompletedDTO"
      },
      "nullable": true
    },
    "error": {
      "type": "object",
      "allOf": [
        {
          "$id": "error.json"
        }
      ],
      "nullable": true
    },
    "lastUpdate": {
      "type": "object",
      "allOf": [
        {
          "$id": "last-update.json"
        }
      ],
      "nullable": true
    }
  },
  "additionalProperties": false,
  "definitions": {
    "schemas": {
      "WorkItemCompletedDTO": {
        "required": [
          "description",
          "flagged",
          "id",
          "name",
          "openDate",
          "closedDate",
          "requestType",
          "status"
        ],
        "type": "object",
        "properties": {
          "id": {
            "type": "string"
          },
          "name": {
            "type": "string"
          },
          "externalLink": {
            "type": "string",
            "nullable": true
          },
          "openDate": {
            "type": "string",
            "format": "date-time"
          },
          "closedDate": {
            "type": "string",
            "format": "date-time",
            "nullable": true
          },
          "requestType": {
            "type": "string"
          },
          "status": {
            "allOf": [
              {
                "$id": "work-items-status.json"
              }
            ]
          },
          "statusLabel": {
            "type": "string",
            "nullable": true
          },
          "sourceId": {
            "type": "string"
          },
          "description": {
            "type": "string"
          },
          "flagged": {
            "type": "boolean"
          },
          "accountNumber": {
            "type": "string"
          },
          "advisorIdentifier": {
            "type": "string"
          }
        },
        "additionalProperties": false
      }
    }
  }
}