{
  "type": "object",
  "properties": {
    "data": {
      "type": "array",
      "items": {
        "$ref": "#/definitions/schemas/AccountDTO"
      },
      "nullable": true
    },
    "error": {
      "type": "object",
      "allOf": [
        {
          "$id": "error.json"
        }
      ],
      "nullable": true
    }
  },
  "additionalProperties": false,
  "definitions": {
    "schemas": {
      "AccountDTO": {
    "required": [
      "accountNumber",
      "allocation",
      "eligibilityStatusLabel",
      "id",
      "isEligible",
      "marketValue",
      "name"
    ],
    "type": "object",
    "properties": {
      "id": {
        "type": "string"
      },
      "name": {
        "type": "string"
      },
      "isEligible": {
        "type": "boolean"
      },
      "eligibilityStatusLabel": {
        "type": "string"
      },
      "accountNumber": {
        "type": "string"
      },
      "marketValue": {
        "type": "number",
        "format": "double"
      },
      "allocation": {
        "type": "number",
        "format": "double"
      }
    },
    "additionalProperties": false
  }
}
  }
}