{
  "type": "object",
  "properties": {
    "data": {
      "type": "array",
      "items": {
        "type": "object",
        "required": [
          "id",
          "isFavourite",
          "minInvestment",
          "name",
          "products"
        ],
        "properties": {
          "id": {
            "type": "string"
          },
          "name": {
            "type": "string"
          },
          "minInvestment": {
            "type": "number",
            "format": "double"
          },
          "isFavourite": {
            "type": "boolean"
          },
          "products": {
            "type": "array",
            "items": {
              "$ref": "#/definitions/ProductDTO"
            }
          }
        },
        "additionalProperties": false
      }
    },
    "error": {
      "type": "object",
      "allOf": [
        {
          "$id": "error.json"
        }
      ],
      "nullable": true
    }
  },
  "definitions": {
    "ProductDTO": {
      "type": "object",
      "required": [
        "fee",
        "id",
        "name",
        "riskProfile"
      ],
      "properties": {
        "id": {
          "type": "string"
        },
        "name": {
          "type": "string"
        },
        "riskProfile": {
          "type": "number",
          "format": "double"
        },
        "fee": {
          "type": "number",
          "format": "double"
        }
      },
      "additionalProperties": false
    }
  }
}
