{
  "properties": {
    "data": {
      "properties": {
        "marketValues": {
          "items": {
            "properties": {
              "__typename": {
                "type": "string"
              },
              "date": {
                "type": "string"
              },
              "marketValue": {
                "type": "number"
              },
              "productAllocationWeights": {
                "items": {
                  "properties": {
                    "__typename": {
                      "type": "string"
                    },
                    "allocation": {
                      "type": "string"
                    },
                    "productId": {
                      "type": "integer"
                    },
                    "weight": {
                      "type": "integer"
                    }
                  },
                  "required": [
                    "__typename",
                    "allocation",
                    "productId",
                    "weight"
                  ],
                  "type": "object"
                },
                "type": "array"
              },
              "productId": {
                "type": "integer"
              }
            },
            "required": [
              "__typename",
              "date",
              "marketValue",
              "productAllocationWeights",
              "productId"
            ],
            "type": "object"
          },
          "type": "array"
        }
      },
      "required": [
        "marketValues"
      ],
      "type": "object"
    },
    "$id": "extensions.json"
  },
  "required": [
    "data",
    "extensions"
  ],
  "type": "object"
}