{
  "properties": {
    "data": {
      "properties": {
        "marketValues": {
          "items": {
            "properties": {
              "__typename": {
                "type": "string"
              },
              "date": {
                "type": "string"
              },
              "marketValue": {
                "type": "number"
              },
              "product": {
                "properties": {
                  "__typename": {
                    "type": "string"
                  },
                  "investmentManager": {
                    "type": "string"
                  }
                },
                "required": [
                  "__typename",
                  "investmentManager"
                ],
                "type": "object"
              },
              "productAllocationWeights": {
                "anyOf": [
                  {
                    "items": {
                      "properties": {
                        "__typename": {
                          "type": "string"
                        },
                        "allocation": {
                          "type": "string"
                        },
                        "productId": {
                          "type": "integer"
                        },
                        "weight": {
                          "type": "integer"
                        }
                      },
                      "required": [
                        "__typename",
                        "allocation",
                        "productId",
                        "weight"
                      ],
                      "type": "object"
                    },
                    "type": "array"
                  },
                  {
                    "type": "null"
                  }
                ]
              },
              "productId": {
                "type": "integer"
              }
            },
            "required": [
              "__typename",
              "date",
              "marketValue",
              "product",
              "productAllocationWeights",
              "productId"
            ],
            "type": "object"
          },
          "type": "array"
        }
      },
      "required": [
        "marketValues"
      ],
      "type": "object"
    },
    "$id": "extensions.json"
  },
  "required": [
    "data",
    "extensions"
  ],
  "type": "object"
}