{
  "properties": {
    "data": {
      "properties": {
        "marketValues": {
          "items": {
            "properties": {
              "__typename": {
                "type": "string"
              },
              "date": {
                "type": "string"
              },
              "marketValue": {
                "type": "number"
              },
              "product": {
                "properties": {
                  "__typename": {
                    "type": "string"
                  },
                  "investmentManager": {
                    "type": "string"
                  }
                },
                "required": [
                  "__typename",
                  "investmentManager"
                ],
                "type": "object"
              },
              "productId": {
                "type": "integer"
              },
              "virtualAccount": {
                "properties": {
                  "__typename": {
                    "type": "string"
                  },
                  "lineOfBusiness": {
                    "type": "string"
                  }
                },
                "required": [
                  "__typename",
                  "lineOfBusiness"
                ],
                "type": "object"
              },
              "virtualAccountId": {
                "type": "integer"
              }
            },
            "required": [
              "__typename",
              "date",
              "marketValue",
              "product",
              "productId",
              "virtualAccount",
              "virtualAccountId"
            ],
            "type": "object"
          },
          "type": "array"
        }
      },
      "required": [
        "marketValues"
      ],
      "type": "object"
    },
    "$id": "extensions.json"
  },
  "required": [
    "data",
    "extensions"
  ],
  "type": "object"
}