{
  "properties": {
    "data": {
      "properties": {
        "marketValues": {
          "items": {
            "properties": {
              "__typename": {
                "type": "string"
              },
              "date": {
                "type": "string"
              },
              "marketValue": {
                "type": "number",
                "nullable": true
              }
            },
            "required": [
              "__typename",
              "date",
              "marketValue"
            ],
            "type": "object"
          },
          "type": "array"
        }
      },
      "required": [
        "marketValues"
      ],
      "type": "object"
    },
    "$id": "extensions.json"
  },
  "required": [
    "data",
    "extensions"
  ],
  "type": "object"
}