{
  "properties": {
    "data": {
      "properties": {
        "dates": {
          "items": {
            "properties": {
              "__typename": {
                "type": "string"
              },
              "businessEndOfMonth": {
                "type": "boolean"
              },
              "businessEndOfQuarter": {
                "type": "boolean"
              },
              "businessEndOfYear": {
                "type": "boolean"
              },
              "calendarEndOfMonth": {
                "type": "boolean"
              },
              "calendarEndOfQuarter": {
                "type": "boolean"
              },
              "calendarEndOfYear": {
                "type": "boolean"
              },
              "date": {
                "type": "string"
              }
            },
            "required": [
              "__typename",
              "businessEndOfMonth",
              "businessEndOfQuarter",
              "businessEndOfYear",
              "calendarEndOfMonth",
              "calendarEndOfQuarter",
              "calendarEndOfYear",
              "date"
            ],
            "type": "object"
          },
          "type": "array"
        }
      },
      "required": [
        "dates"
      ],
      "type": "object"
    }
  },
  "required": [
    "data"
  ],
  "type": "object"
}