{
  "properties": {
    "data": {
      "properties": {
        "fees": {
          "items": {
            "properties": {
              "__typename": {
                "type": "string"
              },
              "amount": {
                "type": "number"
              },
              "billedDate": {
                "type": "string"
              }
            },
            "required": [
              "__typename",
              "amount",
              "billedDate"
            ],
            "type": "object"
          },
          "type": "array"
        }
      },
      "required": [
        "fees"
      ],
      "type": "object"
    },
    "$id": "extensions.json"
  },
  "required": [
    "data",
    "extensions"
  ],
  "type": "object"
}