{
  "properties": {
    "data": {
      "properties": {
        "fees": {
          "items": {
            "properties": {
              "__typename": {
                "type": "string"
              },
              "amount": {
                "type": "number"
              },
              "basis": {
                "type": "number"
              },
              "billedDate": {
                "type": "string"
              },
              "clientHousehold": {
                "properties": {
                  "__typename": {
                    "type": "string"
                  },
                  "name": {
                    "type": "string"
                  }
                },
                "required": [
                  "__typename",
                  "name"
                ],
                "type": "object"
              },
              "clientHouseholdId": {
                "type": "integer"
              },
              "virtualAccountId": {
                "type": "integer"
              }
            },
            "required": [
              "__typename",
              "amount",
              "basis",
              "billedDate",
              "clientHousehold",
              "clientHouseholdId",
              "virtualAccountId"
            ],
            "type": "object"
          },
          "type": "array"
        },
        "feesHist": {
          "items": {
            "properties": {
              "__typename": {
                "type": "string"
              },
              "basis": {
                "type": "number"
              },
              "billedDate": {
                "type": "string"
              },
              "clientHouseholdId": {
                "type": "integer"
              }
            },
            "required": [
              "__typename",
              "basis",
              "billedDate",
              "clientHouseholdId"
            ],
            "type": "object"
          },
          "type": "array"
        }
      },
      "required": [
        "fees",
        "feesHist"
      ],
      "type": "object"
    },
    "$id": "extensions.json"
  },
  "required": [
    "data",
    "extensions"
  ],
  "type": "object"
}