{
  "properties": {
    "data": {
      "properties": {
        "flowMarketValues": {
          "items": {
            "properties": {
              "__typename": {
                "type": "string"
              },
              "endOfPeriodDate": {
                "type": "string"
              },
              "inflow": {
                "type": "number"
              },
              "netflow": {
                "type": "number"
              },
              "outflow": {
                "type": "number"
              },
              "product": {
                "properties": {
                  "__typename": {
                    "type": "string"
                  },
                  "name": {
                    "type": "string"
                  }
                },
                "required": [
                  "__typename",
                  "name"
                ],
                "type": "object"
              },
              "productId": {
                "type": "integer"
              }
            },
            "required": [
              "__typename",
              "endOfPeriodDate",
              "inflow",
              "netflow",
              "outflow",
              "product",
              "productId"
            ],
            "type": "object"
          },
          "type": "array"
        },
        "marketValues": {
          "items": {
            "properties": {
              "__typename": {
                "type": "string"
              },
              "date": {
                "type": "string"
              },
              "marketValue": {
                "type": "number"
              }
            },
            "required": [
              "__typename",
              "date",
              "marketValue"
            ],
            "type": "object"
          },
          "type": "array"
        }
      },
      "required": [
        "flowMarketValues",
        "marketValues"
      ],
      "type": "object"
    },
    "$id": "extensions.json"
  },
  "required": [
    "data",
    "extensions"
  ],
  "type": "object"
}