{
  "properties": {
    "data": {
      "properties": {
        "marketValues": {
          "items": {
            "properties": {
              "__typename": {
                "type": "string"
              },
              "date": {
                "type": "string"
              },
              "product": {
                "properties": {
                  "__typename": {
                    "type": "string"
                  },
                  "code": {
                    "type": "string"
                  },
                  "investmentManager": {
                    "type": "string"
                  },
                  "name": {
                    "type": "string"
                  },
                  "productFamily": {
                    "type": "string"
                  },
                  "productId": {
                    "type": "integer"
                  }
                },
                "required": [
                  "__typename",
                  "code",
                  "investmentManager",
                  "name",
                  "productFamily",
                  "productId"
                ],
                "type": "object"
              }
            },
            "required": [
              "__typename",
              "date",
              "product"
            ],
            "type": "object"
          },
          "type": "array"
        }
      },
      "required": [
        "marketValues"
      ],
      "type": "object"
    }
  },
  "required": [
    "data"
  ],
  "type": "object"
}