{
  "properties": {
    "data": {
      "properties": {
        "marketValues": {
          "items": {
            "properties": {
              "__typename": {
                "type": "string"
              },
              "date": {
                "type": "string"
              },
              "productAllocationWeights": {
                "anyOf": [
                  {
                    "items": {
                      "properties": {
                        "__typename": {
                          "type": "string"
                        },
                        "allocation": {
                          "type": "string"
                        },
                        "allocationset": {
                          "type": "string"
                        },
                        "productId": {
                          "type": "integer"
                        },
                        "updateTimestamp": {
                          "type": "string"
                        },
                        "weight": {
                          "type": "number"
                        }
                      },
                      "required": [
                        "__typename",
                        "allocation",
                        "allocationset",
                        "productId",
                        "updateTimestamp",
                        "weight"
                      ],
                      "type": "object"
                    },
                    "type": "array"
                  },
                  {
                    "type": "null"
                  }
                ]
              }
            },
            "required": [
              "__typename",
              "date",
              "productAllocationWeights"
            ],
            "type": "object"
          },
          "type": "array"
        }
      },
      "required": [
        "marketValues"
      ],
      "type": "object"
    }
  },
  "required": [
    "data"
  ],
  "type": "object"
}