{
  "type": "object",
  "properties": {
    "data": {
      "type": "array",
      "items": {
        "type": "object",
        "required": [
          "description",
          "parameters",
          "schemaVersion",
          "uid"
        ],
        "properties": {
          "uid": {
            "type": "string"
          },
          "description": {
            "type": "string"
          },
          "schemaVersion": {
            "type": "integer",
            "format": "int32"
          },
          "parameters": {
            "type": "object"
          }
        },
        "additionalProperties": false
      },
      "nullable": true
    },
    "error": {
      "type": "object",
      "allOf": [
        {
          "$id": "error.json"
        }
      ],
      "nullable": true
    }
  },
  "additionalProperties": false
}
