{
  "type": "object",
  "properties": {
    "id": {
      "type": "string",
      "nullable": true
    },
    "userId": {
      "type": "string",
      "nullable": true
    },
    "name": {
      "minLength": 1,
      "type": "string"
    },
    "isDefault": {
      "type": "boolean",
      "nullable": true
    },
    "widgets": {
      "type": "array",
      "items": {
        "$id": "widget.json"
      },
      "nullable": true
    }
  },
  "additionalProperties": false
}