{
  "type": "object",
  "properties": {
    "data": {
      "type": "array",
      "items": {
        "type": "object",
        "properties": {
          "name": {
            "type": "string"
          },
          "field_metadata_value": {
            "type": "string"
          }
        },
        "additionalProperties": false,
        "required": [
          "name",
          "field_metadata_value"
        ]
      }
    },
    "error": {
      "type": "object",
      "allOf": [
        {
          "$id": "error.json"
        }
      ],
      "nullable": true
    }
  },
  "additionalProperties": false
}
