{
  "required": [
    "entityId",
    "entityType",
    "userId"
  ],
  "type": "object",
  "properties": {
    "id": {
      "type": "string",
      "nullable": true
    },
    "userId": {
      "type": "string"
    },
    "entityId": {
      "type": "string"
    },
    "entityType": {
      "type": "string",
      "allOf": [
        {
          "$ref": "#/definitions/schemas/EntityType"
        }
      ]
    }
  },
  "additionalProperties": false,
  "definitions": {
    "schemas": {
      "EntityType": {
        "enum": [
          "CLIENT",
          "ACCOUNT",
          "WORKITEM"
        ],
        "type": "string"
      }
    }
  }
}