{
  "type": "object",
  "properties": {
    "data": {
      "type": "array",
      "items": {
        "type": "object",
        "properties": {
          "title": {
            "type": "string"
          },
          "weight": {
            "type": "number"
          },
          "description": {
            "type": "string"
          },
          "action": {
            "type": "array",
            "items": {
              "type": "object",
              "properties": {
                "title": {
                  "type": "string"
                },
                "link": {
                  "type": "string"
                },
                "alt": {
                  "type": "string"
                }
              },
              "additionalProperties": false,
              "required": [
                "title",
                "alt"
              ]
            }
          },
          "media": {
            "type": "array",
            "items": {
              "type": "object",
              "properties": {
                "media_type": {
                  "type": "string"
                },
                "video_url": {
                  "type": "string"
                },
                "embedded_video_url": {
                  "type": "string"
                },
                "image_url": {
                  "type": "string"
                },
                "image_alt": {
                  "type": "string"
                },
                "audio_url": {
                  "type": "string"
                },
                "cover_image": {
                  "type": "string"
                },
                "cover_image_alt": {
                  "type": "string"
                }
              },
              "additionalProperties": false,
              "required": [
                "media_type",
                "image_url"
              ]
            }
          }
        },
        "additionalProperties": false,
        "required": [
          "title",
          "weight",
          "action"
        ]
      },
      "nullable": true
    },
    "error": {
      "type": "object",
      "allOf": [
        {
          "$id": "error.json"
        }
      ],
      "nullable": true
    }
  },
  "additionalProperties": false,
  "definitions": {
    "schemas": {
    }
  }
}