{
  "type": "object",
  "properties": {
    "data": {
      "type": "array",
      "items": {
        "type": "object",
        "properties": {
          "uid": {
            "type": "string"
          },
          "bid": {
            "type": "string"
          },
          "title": {
            "type": "string"
          },
          "description": {
            "type": "string"
          },
          "tabs": {
            "type": "array",
            "items": {
              "type": "object",
              "properties": {
                "uid": {
                  "type": "string"
                },
                "bid": {
                  "type": "string"
                },
                "title": {
                  "type": "string"
                },
                "description": {
                  "type": "string"
                },
                "labels": {
                  "type": "array",
                  "items": {
                    "type": "object",
                    "properties": {
                      "uid": {
                        "type": "string"
                      },
                      "value": {
                        "type": "string"
                      }
                    },
                    "additionalProperties": false,
                    "required": [
                      "uid",
                      "value"
                    ]
                  }
                },
                "action_links": {
                  "$ref": "#/definitions/schemas/TableRowActionDto"
                },
                "tables": {
                  "$ref": "#/definitions/schemas/TableDto"
                }
              },
              "additionalProperties": false,
              "required": [
                "uid",
                "title",
                "labels",
                "tables"
              ]
            }
          }
        },
        "additionalProperties": false,
        "required": [
          "uid",
          "title",
          "tabs"
        ]
      }
    },
    "error": {
      "type": "object",
      "properties": {
        "msg": {
          "type": "string"
        },
        "code": {
          "type": "integer"
        }
      },
      "additionalProperties": false,
      "required": [
        "code"
      ]
    }
  },
  "additionalProperties": false,
  "required": [
    "data",
    "error"
  ],
  "definitions": {
    "schemas": {
      "TableRowActionDto": {
        "type": "array",
        "items": {
          "type": "object",
          "properties": {
            "uid": {
              "type": "string"
            },
            "bid": {
              "type": "string"
            },
            "title": {
              "type": "string"
            },
            "order": {
              "type": "integer"
            },
            "action": {
              "type": "string",
              "enum": [
                "link"
              ]
            },
            "parameter": {
              "type": "array",
              "items": {
                "type": "object",
                "properties": {
                  "url": {
                    "type": "string"
                  },
                  "target": {
                    "type": "string"
                  },
                  "alt": {
                    "type": "string"
                  }
                },
                "additionalProperties": false,
                "required": [
                  "url"
                ]
              }
            }
          },
          "additionalProperties": false,
          "required": [
            "uid",
            "title"
          ]
        }
      },
      "TableHeadersDto": {
        "type": "array",
        "items": {
          "type": "object",
          "properties": {
            "uid": {
              "type": "string"
            },
            "name": {
              "type": "string"
            },
            "description": {
              "type": "string"
            },
            "frozen": {
              "type": "string",
              "enum": [
                "left",
                "right",
                "none"
              ]
            },
            "hidden": {
              "type": "boolean"
            },
            "enable_hiding": {
              "type": "boolean"
            },
            "enable_sorting": {
              "type": "boolean"
            },
            "enable_filtering": {
              "type": "boolean"
            },
            "default_order": {
              "type": [
                "integer",
                "string"
              ]
            },
            "action_link": {
              "$ref": "#/definitions/schemas/TableRowActionDto"
            }
          },
          "additionalProperties": false,
          "required": [
            "uid",
            "name"
          ]
        }
      },
      "TableDto": {
        "type": "array",
        "items": {
          "type": "object",
          "properties": {
            "uid": {
              "type": "string"
            },
            "bid": {
              "type": "string"
            },
            "name": {
              "type": "string"
            },
            "sort_header": {
              "type": "string"
            },
            "sort_direction": {
              "type": "string",
              "enum": [
                "ascending",
                "decending"
              ]
            },
            "headers": {
              "$ref": "#/definitions/schemas/TableHeadersDto"
            },
            "row_actions": {
              "$ref": "#/definitions/schemas/TableRowActionDto"
            },
            "nested_table": {
              "$ref": "#/definitions/schemas/TableDto"
            }
          },
          "additionalProperties": false,
          "required": [
            "uid",
            "headers"
          ]
        }
      }
    }
  }
}