{
  "type": "object",
  "properties": {
    "data": {
      "type": "array",
      "items": {
        "type": "object",
        "properties": {
          "uid": {
            "type": "string"
          },
          "bid": {
            "type": "string"
          },
          "title": {
            "type": "string"
          },
          "description": {
            "type": "string"
          },
          "body": {
            "type": "string"
          },
          "select_all_text": {
            "type": "string"
          },
          "action_links": {
            "type": "array",
            "items": {
              "type": "object",
              "properties": {
                "uid": {
                  "type": "string"
                },
                "bid": {
                  "type": "string"
                },
                "title": {
                  "type": "string"
                },
                "action": {
                  "type": "string"
                },
                "order": {
                  "type": "number"
                },
                "parameter": {
                  "type": "array",
                  "items": {
                    "type": "object",
                    "properties": {
                      "url": {
                        "type": "string"
                      },
                      "target": {
                        "type": "string"
                      },
                      "alt": {
                        "type": "string"
                      },
                      "additionalProperties": false
                    }
                  }
                }
              },
              "additionalProperties": false,
              "required": [
                "uid",
                "title",
                "action",
                "order"
              ]
            }
          }
        },
        "additionalProperties": false,
        "required": [
          "uid",
          "title",
          "action_links"
        ]
      },
      "nullable": true
    },
    "error": {
      "type": "object",
      "allOf": [
        {
          "$id": "error.json"
        }
      ],
      "nullable": true
    }
  },
  "additionalProperties": false,
  "definitions": {
    "schemas": {
    }
  }
}