{
  "type": "object",
  "properties": {
    "data": {
      "type": "array",
      "items": {
        "type": "object",
        "properties": {
          "type": {
            "type": "string"
          },
          "title": {
            "type": "string"
          },
          "description": {
            "type": "string"
          },
          "weight": {
            "type": "number"
          },
          "closable": {
            "type": "boolean"
          },
          "activated": {
            "type": "boolean"
          }
        },
        "additionalProperties": false,
        "required": [
          "type",
          "title",
          "weight",
          "closable",
          "activated"
        ]
      },
      "nullable": true
    },
    "error": {
      "type": "object",
      "allOf": [
        {
          "$id": "error.json"
        }
      ],
      "nullable": true
    }
  },
  "additionalProperties": false,
  "definitions": {
    "schemas": {
    }
  }
}