{
  "required": [
    "cmsId",
    "coordinateX",
    "coordinateY",
    "dashboardId",
    "height",
    "width"
  ],
  "type": "object",
  "properties": {
    "id": {
      "type": "string",
      "nullable": true
    },
    "dashboardId": {
      "type": "string"
    },
    "cmsId": {
      "type": "string"
    },
    "coordinateX": {
      "type": "integer",
      "format": "int32"
    },
    "coordinateY": {
      "type": "integer",
      "format": "int32"
    },
    "height": {
      "type": "integer",
      "format": "int32"
    },
    "width": {
      "type": "integer",
      "format": "int32"
    },
    "settings": {
      "type": "object",
      "allOf": [
        {
          "$ref": "#/definitions/schemas/SettingsDto"
        }
      ],
      "nullable": true
    }
  },
  "additionalProperties": false,
  "definitions": {
    "schemas": {
      "SettingsDto": {
        "required": [
          "allColumnsSelected"
        ],
        "type": "object",
        "properties": {
          "schemaVersion": {
            "type": "integer",
            "format": "int32",
            "nullable": true
          },
          "allColumnsSelected": {
            "type": "boolean"
          },
          "columns": {
            "type": "array",
            "items": {
              "$ref": "#/definitions/schemas/ColumnDto"
            },
            "nullable": true
          },
          "clients": {
            "type": "array",
            "items": {
              "$ref": "#/definitions/schemas/PinClient"
            },
            "nullable": true
          },
          "additional": {
            "type": "object",
            "allOf": [
              {
                "$ref": "#/definitions/schemas/CustomSettingDto"
              }
            ],
            "nullable": true
          }
        },
        "additionalProperties": false
      },
      "ColumnDto": {
        "type": "object",
        "properties": {
          "id": {
            "type": "string",
            "nullable": true
          },
          "position": {
            "type": "integer",
            "format": "int32",
            "nullable": true
          },
          "selected": {
            "type": "boolean",
            "nullable": true
          }
        },
        "additionalProperties": false
      },
      "PinClient": {
        "type": "object",
        "properties": {
          "id": {
            "type": "string",
            "nullable": true
          },
          "advisorId": {
            "type": "string",
            "nullable": true
          },
          "clientName": {
            "type": "string",
            "nullable": true
          }
        },
        "additionalProperties": false
      },
      "CustomSettingDto": {
        "type": "object",
        "properties": {
          "schemaVersion": {
            "type": "integer",
            "format": "int32",
            "nullable": true
          }
        },
        "additionalProperties": { }
      }
    }
  }
}