{
  "type": "object",
  "properties": {
    "data": {
      "type": "array",
      "items": {
        "type": "object",
        "properties": {
          "layout": {
            "type": "string"
          },
          "widget_setting": {
            "type": "array",
            "items": {
              "type": "object",
              "properties": {
                "cmsId": {
                  "type": "string"
                },
                "coordinateX": {
                  "type": "number"
                },
                "coordinateY": {
                  "type": "number"
                },
                "height": {
                  "type": "number"
                },
                "width": {
                  "type": "number"
                }
              },
              "additionalProperties": false,
              "required": [
                "cmsId",
                "coordinateX",
                "coordinateY",
                "height",
                "width"
              ]
            }
          }
        },
        "additionalProperties": false,
        "required": [
          "layout",
          "widget_setting"
        ]
      },
      "nullable": true
    },
    "error": {
      "type": "object",
      "allOf": [
        {
          "$id": "error.json"
        }
      ],
      "nullable": true
    }
  },
  "additionalProperties": false,
  "definitions": {
    "schemas": {
    }
  }
}