{
  "required": [
    "accountNumber",
    "allocation",
    "id",
    "inEligibilityReason",
    "isBICIneligible",
    "marketValue",
    "name",
    "productId",
    "registrationType",
    "status",
    "tmsEligible",
    "requiresSuitabilityCheck"
  ],
  "type": "object",
  "properties": {
    "id": {
      "type": "string"
    },
    "name": {
      "type": "string"
    },
    "status": {
      "type": "string"
    },
    "registrationType": {
      "type": "array",
      "items": {
        "type": "string"
      }
    },
    "isBICIneligible": {
      "type": "boolean"
    },
    "inEligibilityReason": {
      "type": "string"
    },
    "tmsEligible": {
      "type": "boolean"
    },
    "marketValue": {
      "type": "number",
      "format": "double"
    },
    "productId": {
      "type": "string"
    },
    "allocation": {
      "type": "number",
      "format": "double"
    },
    "sleeves": {
      "type": "array",
      "items": {
        "$id": "sleeve-response-dto.json"
      },
      "nullable": true
    },
    "accountNumber": {
      "type": "array",
      "items": {
        "type": "string"
      }
    },
    "requiresSuitabilityCheck": {
      "type": "boolean"
    }
  },
  "additionalProperties": false
}
