{
  "type": "object",
  "properties": {
    "data": {
      "type": "array",
      "items": {
        "$ref": "#/definitions/AccountSuitabilityResponseDto"
      },
      "nullable": true
    },
    "error": {
      "type": "object",
      "$id": "error.json",
      "nullable": true
    }
  },
  "additionalProperties": false,
  "definitions": {
    "AccountSuitabilityResponseDto": {
      "required": [
        "accountId",
        "isSuitabilityCheckPassed",
        "suitabilityFailedReason"
      ],
      "type": "object",
      "properties": {
        "accountId": {
          "type": "string"
        },
        "isSuitabilityCheckPassed": {
          "type": "boolean"
        },
        "suitabilityFailedReason": {
          "type": "string"
        }
      },
      "additionalProperties": false
    }
  }
}
