{
  "required": [
    "bicEligibility",
    "currency",
    "displayInvestmentMinimum",
    "enforcedInvestmentMinimum",
    "fee",
    "id",
    "name",
    "profileName",
    "riskProfile",
    "tmsEligibility"
  ],
  "type": "object",
  "properties": {
    "id": {
      "type": "string"
    },
    "name": {
      "type": "string"
    },
    "riskProfile": {
      "type": "number",
      "format": "double"
    },
    "profileName": {
      "type": "string"
    },
    "fee": {
      "type": "number",
      "format": "double"
    },
    "displayInvestmentMinimum": {
      "type": "string"
    },
    "enforcedInvestmentMinimum": {
      "type": "number",
      "format": "double"
    },
    "currency": {
      "type": "string"
    },
    "tmsEligibility": {
      "type": "boolean"
    },
    "bicEligibility": {
      "type": "boolean"
    }
  },
  "additionalProperties": false
}