{
  "required": [
    "data",
    "error"
  ],
  "type": "object",
  "properties": {
    "data": {
      "allOf": [
        {
          "$ref": "#/definitions/schemas/AccountMetricsDto"
        }
      ]
    },
    "error": {
      "allOf": [
        {
          "$id": "error.json"
        }
      ]
    },
    "lastUpdate": {
      "allOf": [
        {
          "$id": "last-update-info.json"
        }
      ]
    }
  },
  "additionalProperties": false,
  "definitions": {
    "schemas": {
      "AccountMetricsDto": {
        "required": [
          "accountValue",
          "client",
          "clientRisk",
          "id",
          "title"
        ],
        "type": "object",
        "properties": {
          "clientRisk": {
            "type": "string"
          },
          "accountValue": {
            "type": "number",
            "format": "double"
          },
          "client": {
            "allOf": [
              {
                "$ref": "#/definitions/schemas/ClientWithAccountsInfoDto"
              }
            ]
          },
          "id": {
            "type": "string"
          },
          "title": {
            "type": "string"
          },
          "applicationId": {
            "type": "string",
            "nullable": true
          },
          "bankAccountNumber": {
            "type": "string",
            "nullable": true
          }
        },
        "additionalProperties": false
      },
      "ClientWithAccountsInfoDto": {
        "required": [
          "accounts",
          "id",
          "name"
        ],
        "type": "object",
        "properties": {
          "accounts": {
            "type": "array",
            "items": {
              "$id": "account-info.json"
            }
          },
          "id": {
            "type": "string"
          },
          "name": {
            "type": "string"
          },
          "applicationId": {
            "type": "string",
            "nullable": true
          },
          "webId": {
            "type": "string",
            "nullable": true
          },
          "advisorIdentifier": {
            "type": "string",
            "nullable": true
          }
        },
        "additionalProperties": false
      }
    }
  }
}