{
  "required": [
    "data",
    "error"
  ],
  "type": "object",
  "properties": {
    "data": {
      "allOf": [
        {
          "$ref": "#/definitions/schemas/AdvisorMetricsDto"
        }
      ]
    },
    "error": {
      "allOf": [
        {
          "$id": "error.json"
        }
      ]
    },
    "lastUpdate": {
      "allOf": [
        {
          "$id": "last-update-info.json"
        }
      ]
    }
  },
  "additionalProperties": false,
  "definitions": {
    "schemas": {
      "AdvisorMetricsDto": {
        "required": [
          "accounts",
          "households",
          "pendingFunds",
          "platformAssets"
        ],
        "type": "object",
        "properties": {
          "households": {
            "type": "integer",
            "format": "int64"
          },
          "accounts": {
            "type": "integer",
            "format": "int64"
          },
          "platformAssets": {
            "type": "number",
            "format": "double"
          },
          "pendingFunds": {
            "type": "number",
            "format": "double"
          }
        },
        "additionalProperties": false
      }
    }
  }
}