{
  "required": [
    "allocationWeight",
    "assetClass"
  ],
  "type": "object",
  "properties": {
    "assetClass": {
      "allOf": [
        {
          "$ref": "#/definitions/schemas/AssetClass"
        }
      ]
    },
    "allocationWeight": {
      "type": "number",
      "format": "double"
    }
  },
  "additionalProperties": false,
  "definitions": {
    "schemas": {
      "AssetClass": {
        "enum": [
          "Equity",
          "FixedIncome",
          "AlternativeInvestments",
          "Cash",
          "CashAlternatives"
        ],
        "type": "string"
      }
    }
  }
}