{
  "required": [
    "data",
    "error"
  ],
  "type": "object",
        "properties": {
          "data": {
            "allOf": [
              {
                "$ref": "#/definitions/schemas/ClientSummaryWithAccountsDtoPageDto"
              }
            ]
          },
          "error": {
            "allOf": [
              {
                "$id": "error.json"
              }
            ]
          },
          "lastUpdate": {
            "allOf": [
              {
                "$id": "last-update-info.json"
              }
            ]
          }
        },
        "additionalProperties": false,
  "definitions": {
    "schemas": {
      "ClientSummaryWithAccountsDtoPageDto": {
        "required": [
          "limit",
          "start",
          "total"
        ],
        "type": "object",
        "properties": {
          "data": {
            "type": "array",
            "items": {
              "$ref": "#/definitions/schemas/ClientSummaryWithAccountsDto"
            },
            "nullable": true
          },
          "start": {
            "type": "integer",
            "format": "int32"
          },
          "limit": {
            "type": "integer",
            "format": "int32"
          },
          "total": {
            "type": "integer",
            "format": "int32"
          }
        },
        "additionalProperties": false
      },
      "ClientSummaryWithAccountsDto": {
        "required": [
          "clientName",
          "establishedDate",
          "expectedAmount",
          "id",
          "marketValue",
          "numberOfAccounts",
          "webAccess"
        ],
        "type": "object",
        "properties": {
          "clientName": {
            "type": "string"
          },
          "advisorIdentifier": {
            "type": "string",
            "nullable": true
          },
          "numberOfAccounts": {
            "type": "integer",
            "format": "int64"
          },
          "marketValue": {
            "type": "number",
            "format": "double"
          },
          "expectedAmount": {
            "type": "number",
            "format": "double"
          },
          "establishedDate": {
            "type": "string",
            "format": "date"
          },
          "qtdPerformance": {
            "type": "number",
            "format": "double",
            "nullable": true
          },
          "ytdPerformance": {
            "type": "number",
            "format": "double",
            "nullable": true
          },
          "oneYearPerformance": {
            "type": "number",
            "format": "double",
            "nullable": true
          },
          "threeYearPerformance": {
            "type": "number",
            "format": "double",
            "nullable": true
          },
          "fiveYearPerformance": {
            "type": "number",
            "format": "double",
            "nullable": true
          },
          "cumulativeReturn": {
            "type": "number",
            "format": "double",
            "nullable": true
          },
          "annualizedPerformance": {
            "type": "number",
            "format": "double",
            "nullable": true
          },
          "netInvestment": {
            "type": "number",
            "format": "double",
            "nullable": true
          },
          "assetAllocations": {
            "type": "array",
            "items": {
              "$id": "asset-allocation.json"
            },
            "nullable": true
          },
          "webAccess": {
            "type": "boolean"
          },
          "id": {
            "type": "string"
          },
          "clientAplId": {
            "type": "string",
            "nullable": true
          },
          "clientWebId": {
            "type": "string",
            "nullable": true
          },
          "accounts": {
            "type": "array",
            "items": {
              "$ref": "#/definitions/schemas/NestedAccountDto"
            },
            "nullable": true
          }
        },
        "additionalProperties": false
      },
      "NestedAccountDto": {
        "required": [
          "alerts",
          "expectedAmount",
          "id",
          "inceptionDate",
          "marketValue",
          "status",
          "title"
        ],
        "type": "object",
        "properties": {
          "id": {
            "type": "string"
          },
          "title": {
            "type": "string"
          },
          "applicationId": {
            "type": "string",
            "nullable": true
          },
          "alerts": {
            "type": "array",
            "items": {
              "type": "string"
            }
          },
          "marketValue": {
            "type": "number",
            "format": "double"
          },
          "expectedAmount": {
            "type": "number",
            "format": "double"
          },
          "inceptionDate": {
            "type": "string",
            "format": "date"
          },
          "qtdPerformance": {
            "type": "number",
            "format": "double",
            "nullable": true
          },
          "ytdPerformance": {
            "type": "number",
            "format": "double",
            "nullable": true
          },
          "oneYearPerformance": {
            "type": "number",
            "format": "double",
            "nullable": true
          },
          "threeYearPerformance": {
            "type": "number",
            "format": "double",
            "nullable": true
          },
          "fiveYearPerformance": {
            "type": "number",
            "format": "double",
            "nullable": true
          },
          "cumulativeReturn": {
            "type": "number",
            "format": "double",
            "nullable": true
          },
          "annualizedPerformance": {
            "type": "number",
            "format": "double",
            "nullable": true
          },
          "bankAccountNumber": {
            "type": "string",
            "nullable": true
          },
          "status": {
            "type": "string"
          },
          "investmentProduct": {
            "type": "string",
            "nullable": true
          },
          "assetAllocations": {
            "type": "array",
            "items": {
              "$id": "asset-allocation.json"
            },
            "nullable": true
          }
        },
        "additionalProperties": false
      }
    }
  }
}