{
  "required": [
    "data",
    "error"
  ],
  "type": "object",
  "properties": {
    "data": {
      "allOf": [
        {
          "$ref": "#/definitions/schemas/HouseholdMetricsDto"
        }
      ]
    },
    "error": {
      "allOf": [
        {
          "$id": "error.json"
        }
      ]
    },
    "lastUpdate": {
      "allOf": [
        {
          "$id": "last-update-info.json"
        }
      ]
    }
  },
  "additionalProperties": false,
  "definitions": {
    "schemas": {
      "HouseholdMetricsDto": {
        "required": [
          "accounts",
          "accountsCount",
          "clientRisk",
          "id",
          "name",
          "portfolioValue"
        ],
        "type": "object",
        "properties": {
          "id": {
            "type": "string"
          },
          "name": {
            "type": "string"
          },
          "applicationId": {
            "type": "string",
            "nullable": true
          },
          "webId": {
            "type": "string",
            "nullable": true
          },
          "accountsCount": {
            "type": "integer",
            "format": "int64"
          },
          "portfolioValue": {
            "type": "number",
            "format": "double"
          },
          "clientRisk": {
            "type": "string"
          },
          "accounts": {
            "type": "array",
            "items": {
              "$id": "account-info.json"
            }
          }
        },
        "additionalProperties": false
      }
    }
  }
}