{
  "required": [
    "kind",
    "value"
  ],
  "type": "object",
  "properties": {
    "value": {
      "type": "string",
      "format": "date-time"
    },
    "kind": {
      "allOf": [
        {
          "$ref": "#/definitions/schemas/ValueKind"
        }
      ]
    }
  },
  "additionalProperties": false,
  "definitions": {
    "schemas": {
      "ValueKind": {
        "enum": [
          "CalendarDate",
          "Timestamp"
        ],
        "type": "string"
      }
    }
  }
}